DTXSID,PREFERRED NAME,CASRN,MOLECULAR FORMULA,MONOISOTOPIC MASS,ToxCast Active,ToxCast Total,% ToxCast Active,HIT CALL,TOP,SCALED TOP,AC50,LOGAC50
https://comptox.epa.gov/dashboard/chemical/details/DTXSID00190950,6:1 Fluorotelomer alcohol,375-82-6,C7H3F13O,349.997631,52,461,11.0,Active,-0.12180687424992676,-1.5196638796837953,22.958544640936964,1.3609443543512392
https://comptox.epa.gov/dashboard/chemical/details/DTXSID00192353,8:2 Fluorotelomer sulfonic acid,39108-34-4,C10H5F17O3S,527.968794,40,506,8.0,Inactive,0.023066850179659544,0.2877822721579883,0.2000000006640842,-0.6989700028939783
https://comptox.epa.gov/dashboard/chemical/details/DTXSID00194615,"1H,1H,9H-Perfluorononyl acrylate",4180-26-1,C12H6F16O2,486.011230,72,464,16.0,Active,-0.10991036168223534,-1.3712428603065918,6.867211873570953,0.8367804468558679
https://comptox.epa.gov/dashboard/chemical/details/DTXSID0020284,"2-Chloro-1,4-diaminobenzene sulfate (1:1)",61702-44-1,C6H9ClN2O4S,239.997156,214,636,34.0,Active,-0.38645214886053897,-4.821381186127099,26.32197095754876,1.420318405608311
https://comptox.epa.gov/dashboard/chemical/details/DTXSID0020365,Cyclosporin A,59865-13-3,C62H111N11O12,1201.841368,184,702,26.0,Active,-0.8090252609250206,-10.093407899597677,1.8237047779230287,0.26095453591344064
https://comptox.epa.gov/dashboard/chemical/details/DTXSID00223797,Dichloromethyl((perfluorohexyl)ethyl)silane,73609-36-6,C9H7Cl2F13Si,459.948648,15,460,3.0,Active,-0.10955031939125201,-1.3667509687927901,0.41019046809945653,-0.38701443587380996
https://comptox.epa.gov/dashboard/chemical/details/DTXSID0022436,"4,4-Bis(4-hydroxyphenyl)valeric acid",126-00-1,C17H18O4,286.120509,49,735,7.0,Inactive,0.055636146417889554,0.6941171640492743,7.438747866552274,0.8714998387163451
https://comptox.epa.gov/dashboard/chemical/details/DTXSID0023745,D-Xylose,58-86-6,C5H10O5,150.052823,4,667,1.0,Inactive,-0.05615556817916248,-0.7005974755570518,1.146055600953548,0.05920568796431526
https://comptox.epa.gov/dashboard/chemical/details/DTXSID00379268,3:3 Fluorotelomer carboxylic acid,356-02-5,C6H5F7O2,242.017777,2,470,0.0,Inactive,-0.01184752398636397,-0.14780983730707237,30,1.4771212547196624
https://comptox.epa.gov/dashboard/chemical/details/DTXSID00379884,"3-(Perfluoro-3-methylbutyl)-1,2-propenoxide",54009-81-3,C8H5F11O,326.016475,6,469,1.0,Inactive,-0.053108308586448195,-0.6625798319422405,0.0626565865527235,-1.2030332685940588
https://comptox.epa.gov/dashboard/chemical/details/DTXSID00379925,Perfluorononanoyl chloride,52447-23-1,C9ClF17O,481.936621,118,468,25.0,Inactive,0.09963073376525731,1.2429941113076817,55.52324475314418,1.7444748381602169
https://comptox.epa.gov/dashboard/chemical/details/DTXSID00380798,"1H,1H,11H,11H-Perfluorotetraethylene glycol",330562-44-2,C8H6F12O5,410.002361,79,498,16.0,Active,-0.21883937954580282,-2.7302424645246925,23.590372354258875,1.372734795914154
https://comptox.epa.gov/dashboard/chemical/details/DTXSID0041270,"3,5,5-Trimethylhexyl acetate",58430-94-7,C11H22O2,186.161980,14,675,2.0,Inactive,0.055751302929404764,0.6955538579315997,11.139344963448663,1.0468596533939263
https://comptox.epa.gov/dashboard/chemical/details/DTXSID00442840,2-(Trifluoromethoxy)ethyl trifluoromethanesulfonate,329710-76-1,C4H4F6O4S,261.973449,5,496,1.0,Inactive,0.03945311150785983,0.49221744559845904,7.502033378401929,0.8751789921025638
https://comptox.epa.gov/dashboard/chemical/details/DTXSID0044494,2-Phenylethyl phenylacetate,102-20-5,C16H16O2,240.115030,11,639,2.0,Inactive,0.022840057945586422,0.28495280979442283,20.000000000000007,1.3010299956639813
https://comptox.epa.gov/dashboard/chemical/details/DTXSID0044608,Propylsilanetriyl triacetate,17865-07-5,C9H16O6Si,248.071615,4,234,2.0,Inactive,-0.044533170670678836,-0.5555963186212793,0.19964749960196276,-0.6997361245674153
https://comptox.epa.gov/dashboard/chemical/details/DTXSID0044818,2-Butyloctan-1-ol,3913-02-8,C12H26O,186.198365,55,661,8.0,Active,-0.8307314080399014,-10.364214025612416,33.658801876402556,1.5270986527055235
https://comptox.epa.gov/dashboard/chemical/details/DTXSID0044997,"2,6-Di-tert-butyl-4-[(dimethylamino)methyl]phenol",88-27-7,C17H29NO,263.224915,71,636,11.0,Inactive,-0.02617441793692743,-0.3265523210856072,0.20000000765917886,-0.6989699877043236
https://comptox.epa.gov/dashboard/chemical/details/DTXSID0047113,(-)-Ambroxide,6790-58-5,C16H28O,236.214016,97,634,15.0,Active,-1.1670006545740406,-14.559512779916702,32.943951533394696,1.5177756903474529
https://comptox.epa.gov/dashboard/chemical/details/DTXSID0059871,Pentafluoropropionamide,354-76-7,C3H2F5NO,163.005655,4,460,1.0,Inactive,-0.03736375190800172,-0.4661505726479214,2.4075045647257713,0.38156711923720954
https://comptox.epa.gov/dashboard/chemical/details/DTXSID0059879,"1H,1H,5H-Perfluoropentanol",355-80-6,C5H4F8O,232.013440,12,505,2.0,Inactive,-0.07646492149829236,-0.9539771870788457,0.20159393669115547,-0.6955225342362988
https://comptox.epa.gov/dashboard/chemical/details/DTXSID0059794,Perfluorooctane,307-34-6,C8F18,437.971257,0,469,0.0,Inactive,-0.020434898724219823,-0.2549460173526455,1.5624573099445591,0.19380816021848912
https://comptox.epa.gov/dashboard/chemical/details/DTXSID0059829,Perfluorooctanoyl fluoride,335-66-0,C8F16O,415.969365,22,462,5.0,Inactive,-0.036938995385710785,-0.4608513056848663,0.202956747621591,-0.6925965052922066
https://comptox.epa.gov/dashboard/chemical/details/DTXSID0060985,Hexafluoroglutaryl chloride,678-77-3,C5Cl2F6O2,275.917954,12,506,2.0,Inactive,-0.04953919468315543,-0.6180515283082235,0.2682718297686797,-0.5714249285890622
https://comptox.epa.gov/dashboard/chemical/details/DTXSID1020142,"6-Phenyl-1,3,5-triazine-2,4-diamine",91-76-9,C9H9N5,187.085795,9,644,1.0,Inactive,-0.026625228876376496,-0.3321766432387346,7.057802977509752,0.8486695306214819
https://comptox.epa.gov/dashboard/chemical/details/DTXSID00892442,"Perfluoro-2,5-dimethyl-3,6-dioxanonanoic acid",13252-14-7,C9HF17O4,495.960337,10,461,2.0,Inactive,-0.025860264403547523,-0.3226329382076514,0.020000290328617096,-1.6989636999759599
https://comptox.epa.gov/dashboard/chemical/details/DTXSID10224331,"2,2,3,3-Tetrafluoropropyl acrylate",7383-71-3,C6H6F4O2,186.030392,128,510,25.0,Active,-0.5388784575415096,-6.723053460720772,40.68592149422839,1.6094441567658564
https://comptox.epa.gov/dashboard/chemical/details/DTXSID1025302,Octinoxate,5466-77-3,C18H26O3,290.188195,53,443,12.0,Active,-0.09609236951591182,-1.1988494406886665,6.653900841313863,0.8230763245774237
https://comptox.epa.gov/dashboard/chemical/details/DTXSID1027134,Bis(2-ethylhexyl) phosphate,298-07-7,C16H35O4P,322.227297,185,669,28.0,Active,-0.11389401440940253,-1.420942954787782,36.0523259127779,1.5569332884313112
https://comptox.epa.gov/dashboard/chemical/details/DTXSID1027891,Calcium dodecylbenzene sulfonate,26264-06-2,, ,180,691,26.0,Active,-0.8218697351658799,-10.253655699055306,6.699682600319943,0.8260542283433967
https://comptox.epa.gov/dashboard/chemical/details/DTXSID1032646,N-Ethylperfluorooctanesulfonamide,4151-50-2,C10H6F17NO2S,526.984778,244,1152,21.0,Active,-1.029398671884753,-12.842788956623036,49.26985332024689,1.6925812693521933
https://comptox.epa.gov/dashboard/chemical/details/DTXSID1036541,Pregnenolone,145-13-1,C21H32O2,316.240230,67,650,10.0,Inactive,0.017690174467705974,0.22070280786220442,0.19999676370580982,-0.6989770319164204
https://comptox.epa.gov/dashboard/chemical/details/DTXSID1037303,Perfluoroheptanoic acid,375-85-9,C7HF13O2,363.976895,52,1038,5.0,Inactive,0.02310481930000699,0.2882559753138298,19.48205656746725,1.2896348000148405
https://comptox.epa.gov/dashboard/chemical/details/DTXSID10379254,"1H,1H-Heptafluorobutyl epoxide",1765-92-0,C6H5F7O,226.022862,8,460,2.0,Inactive,-0.055514861257261794,-0.6926040090743796,1.6466844024622325,0.21661037184568424
https://comptox.epa.gov/dashboard/chemical/details/DTXSID10379835,"1H,1H-Perfluoroheptylamine",423-49-4,C7H4F13N,349.013615,0,460,0.0,Inactive,-0.020693288162882587,-0.25816968678218766,0.20000000211029956,-0.6989699997535616
https://comptox.epa.gov/dashboard/chemical/details/DTXSID10379991,3-(Perfluorooctyl)propanol,1651-41-8,C11H7F17O,478.022544,164,469,35.0,Active,-0.9186784926538426,-11.461442803826312,8.044056682335983,0.9054751221856451
https://comptox.epa.gov/dashboard/chemical/details/DTXSID10382147,"3-(Perfluoro-2-butyl)propane-1,2-diol",125070-38-4,C7H7F9O2,294.030233,7,496,1.0,Inactive,-0.035408459423799686,-0.44175632248136465,2.139910255179504,0.33039556003255444
https://comptox.epa.gov/dashboard/chemical/details/DTXSID1039719,"Nitric acid, calcium salt (2:1)",10124-37-5,CaN2O6,163.938227,6,469,1.0,Inactive,-0.004664693112914847,-0.058196761694758944,100.00000000000001,2
https://comptox.epa.gov/dashboard/chemical/details/DTXSID1040245,Sucralose,56038-13-2,C12H19Cl3O8,396.014551,4,632,1.0,Inactive,0.056627429060994335,0.7064844170188638,2.6373157091627495,0.4211621216555043
https://comptox.epa.gov/dashboard/chemical/details/DTXSID1044354,N-Butyldiethanolamine,102-79-4,C8H19NO2,161.141579,14,636,2.0,Inactive,-0.06109570152202687,-0.762230632537739,0.6560551668757073,-0.18305963979759018
https://comptox.epa.gov/dashboard/chemical/details/DTXSID1044352,Methyl phenylacetate,101-41-7,C9H10O2,150.068080,5,639,1.0,Inactive,-0.043689469840788364,-0.54507029794848,7.343089992498784,0.8658788506926496
https://comptox.epa.gov/dashboard/chemical/details/DTXSID1044938,Ethenylsilanetriyl triacetate,4130-08-9,C8H12O6Si,232.040315,27,632,4.0,Inactive,-0.04116222032556656,-0.5135403056809601,4.643004486139369,0.6667991032881064
https://comptox.epa.gov/dashboard/chemical/details/DTXSID1044934,"4,5-Dihydroxy-1,3-dimethylimidazolidin-2-one",3923-79-3,C5H10N2O3,146.069142,3,632,0.0,Inactive,0.016452346944883792,0.2052596583084963,11.444367961239173,1.0585918128667697
https://comptox.epa.gov/dashboard/chemical/details/DTXSID1047578,"1H,1H,2H,2H-Perfluorohexyl iodide",2043-55-2,C6H4F9I,373.921400,25,706,4.0,Inactive,0.023319321271087372,0.2909321042234593,14.6739299717703,1.1665464421650666
https://comptox.epa.gov/dashboard/chemical/details/DTXSID1067629,N-Methylperfluorooctanesulfonamide,31506-32-8,C9H4F17NO2S,512.969128,55,497,11.0,Inactive,0.04178103956256968,0.5212607011702787,1.3492519273271038,0.1300930471018452
https://comptox.epa.gov/dashboard/chemical/details/DTXSID20179883,2-(Perfluorohexyl)ethylphosphonic acid,252237-40-4,C8H6F13O3P,427.984697,14,506,3.0,Inactive,-0.035446127124101195,-0.4422262651174552,30,1.4771212547196624
https://comptox.epa.gov/dashboard/chemical/details/DTXSID1074915,Triethoxy((perfluorohexyl)ethyl)silane,51851-37-7,C14H19F13O3Si,510.089587,8,460,2.0,Inactive,-0.041055028032481296,-0.5122029734738475,0.0060072533485534775,-2.2213240518284736
https://comptox.epa.gov/dashboard/chemical/details/DTXSID1062122,4:2 Fluorotelomer alcohol,2043-47-2,C6H5F9O,264.019668,9,496,2.0,Active,-0.1153729262423906,-1.4393938748008641,0.20631221441904524,-0.685475059483171
https://comptox.epa.gov/dashboard/chemical/details/DTXSID1068772,2-(Perfluorobutyl)ethyl acrylate,52591-27-2,C9H7F9O2,318.030233,67,500,13.0,Active,-0.1543774473569296,-1.9260147018036922,19.699782797180298,1.2944614378110308
https://comptox.epa.gov/dashboard/chemical/details/DTXSID2024666,"1,4-Butanediol",110-63-4,C4H10O2,90.068080,8,664,1.0,Inactive,-0.017395695446854067,-0.2170288844151986,50,1.6989700043360187
https://comptox.epa.gov/dashboard/chemical/details/DTXSID2025050,Diethylenetriamine,111-40-0,C4H13N3,103.110947,14,666,2.0,Inactive,-0.04374576036826316,-0.5457725791776681,0.2000000007333833,-0.6989700027434972
https://comptox.epa.gov/dashboard/chemical/details/DTXSID2025892,N-Phenyl-1-naphthylamine,90-30-2,C16H13N,219.104799,255,673,38.0,Active,-1.173842253950786,-14.644868647687963,10.91976564116597,1.0382133176873447
https://comptox.epa.gov/dashboard/chemical/details/DTXSID20335129,"1,6-Dibromododecafluorohexane",918-22-9,C6Br2F12,457.817514,3,460,1.0,Inactive,-0.04335131458545297,-0.5408514693279866,1.3403389487638027,0.12721463788985723
https://comptox.epa.gov/dashboard/chemical/details/DTXSID20337446,2-(Perfluorooctyl)ethanthiol,34143-74-3,C10H5F17S,479.984050,10,470,2.0,Active,-0.08810691531973483,-1.099222827826898,1.1077164741166983,0.044428614649076756
https://comptox.epa.gov/dashboard/chemical/details/DTXSID20375106,"Perfluoro-3,6-dioxaoctane-1,8-dioic acid",55621-21-1,C6H2F8O6,321.972363,1,506,0.0,Inactive,-0.014216044388891975,-0.17735952344901107,0.19589232739554777,-0.7079825738829099
https://comptox.epa.gov/dashboard/chemical/details/DTXSID20379947,2-(Perfluorohexyl)ethanethiol,34451-26-8,C8H5F13S,379.990437,3,461,1.0,Inactive,0.07255042363599751,0.9051398694392586,0.440806636350767,-0.3557518757968732
https://comptox.epa.gov/dashboard/chemical/details/DTXSID2041200,"N,N′-Disalicylidene-1,2-diaminopropane",94-91-7,C17H18N2O2,282.136828,46,699,7.0,Inactive,-0.03670949958281519,-0.4579881135674504,4.969173833668978,0.6962841896782541
https://comptox.epa.gov/dashboard/chemical/details/DTXSID20440585,1-(Perfluorohexyl)octane,133331-77-8,C14H17F13,432.112267,7,460,2.0,Inactive,-0.017033178031523304,-0.21250611322328603,0.06804524329348485,-1.1672022287794592
https://comptox.epa.gov/dashboard/chemical/details/DTXSID2044890,2-[(4-Hydroxyphenyl)methyl]phenol,2467-03-0,C13H12O2,200.083730,52,637,8.0,Inactive,-0.02772677498312879,-0.34591954437256595,3.4878410137526448,0.5425566802675301
https://comptox.epa.gov/dashboard/chemical/details/DTXSID2047725,"2,2,2-Trichloro-1-phenylethyl acetate",90-17-5,C10H9Cl3O2,265.966813,37,637,6.0,Inactive,-0.08046005391363387,-1.0038205022737763,14.747707709788727,1.1687245215782478
https://comptox.epa.gov/dashboard/chemical/details/DTXSID20880144,Ethyl pentafluoropropionyl acetate,663-35-4,C7H7F5O3,234.031535,6,461,1.0,Inactive,-0.022431901889443828,-0.2798606504264595,5.036310964946715,0.7021125375976645
https://comptox.epa.gov/dashboard/chemical/details/DTXSID20874028,"2H,2H,3H,3H-Perfluorooctanoic acid",914637-49-3,C8H5F11O2,342.011389,20,497,4.0,Inactive,0.04173241212197311,0.5206540246958093,0.23412939262967353,-0.6305440615038072
https://comptox.epa.gov/dashboard/chemical/details/DTXSID30170109,"3,3-Bis(trifluoromethyl)-2-propenoic acid",1763-28-6,C5H2F6O2,207.995898,56,497,11.0,Active,-0.12237385764528358,-1.5267375706524704,1.9594970665825269,0.2921446176646061
https://comptox.epa.gov/dashboard/chemical/details/DTXSID2060965,Heptafluorobutyramide,662-50-0,C4H2F7NO,213.002461,1,496,0.0,Inactive,-0.026949053823661487,-0.3362166867811031,2.432382064784601,0.38603179247382036
https://comptox.epa.gov/dashboard/chemical/details/DTXSID30190948,"Perfluoro-1,4-diiodobutane",375-50-8,C4F8I2,453.796170,124,461,27.0,Active,-1.106415642649645,-13.803653516318766,52.094163471837085,1.71678906852093
https://comptox.epa.gov/dashboard/chemical/details/DTXSID3020912,Nalidixic acid,389-08-2,C12H12N2O3,232.084792,4,637,1.0,Inactive,-0.020342174120990757,-0.2537891842005518,20.000000000000007,1.3010299956639813
https://comptox.epa.gov/dashboard/chemical/details/DTXSID3022403,"2,2'-Dihydroxy-4-methoxybenzophenone",131-53-3,C14H12O4,244.073559,69,475,15.0,Inactive,0.017145985859911096,0.2139135049095282,20.00000000000001,1.3010299956639815
https://comptox.epa.gov/dashboard/chemical/details/DTXSID3027792,Ethyltriacetoxysilane,17689-77-9,C8H14O6Si,234.055965,21,632,3.0,Inactive,-0.028465471467844772,-0.35513552970003565,20.000000000000007,1.3010299956639813
https://comptox.epa.gov/dashboard/chemical/details/DTXSID3031860,Perfluorodecanoic acid,335-76-2,C10HF19O2,513.967314,317,1075,29.0,Active,-1.0917860952166099,-13.621135124421704,54.068561728721086,1.7329448171142277
https://comptox.epa.gov/dashboard/chemical/details/DTXSID3031864,Perfluorooctanesulfonic acid,1763-23-1,C8HF17O3S,499.937494,324,1510,21.0,Inactive,-0.016133314126483635,-0.20127940141789039,30,1.4771212547196624
https://comptox.epa.gov/dashboard/chemical/details/DTXSID3031862,Perfluorohexanoic acid,307-24-4,C6HF11O2,313.980089,43,1098,4.0,Inactive,-0.05412639390718341,-0.6752814754076422,17.091023802972042,1.2327680790263928
https://comptox.epa.gov/dashboard/chemical/details/DTXSID30340244,"1H,1H,7H-Perfluoroheptyl 4-methylbenzenesulfonate",424-16-8,C14H10F12O3S,486.015903,31,496,6.0,Active,-0.10319399248903968,-1.2874493656588415,3.1544678432775175,0.49892610455597847
https://comptox.epa.gov/dashboard/chemical/details/DTXSID30378880,"2,2-Difluoroethyl triflate",74427-22-8,C3H3F5O3S,213.972306,7,496,1.0,Active,-0.09360630000920422,-1.1678332106524614,0.8654762777697513,-0.0627448313990855
https://comptox.epa.gov/dashboard/chemical/details/DTXSID30382063,"Perfluoro-3,6-dioxaheptanoic acid",151772-58-6,C5HF9O4,295.973112,19,506,4.0,Inactive,0.04142652301565592,0.5168377488992135,14.943850112760625,1.1744625029219242
https://comptox.epa.gov/dashboard/chemical/details/DTXSID30382104,9-Chloro-perfluorononanoic acid,865-79-2,C9HClF16O2,479.940958,157,514,31.0,Active,-0.5118028739159913,-6.385258186764114,46.16111884959954,1.664276326671037
https://comptox.epa.gov/dashboard/chemical/details/DTXSID30396867,"1H,1H,8H,8H-Perfluorooctane-1,8-diol",90177-96-1,C8H6F12O2,362.017617,19,497,4.0,Inactive,-0.013188680733147117,-0.16454212337574473,0.5889215578692033,-0.22994254774812747
https://comptox.epa.gov/dashboard/chemical/details/DTXSID3038939,Perfluorooctanesulfonamide,754-91-6,C8H2F17NO2S,498.953478,373,1071,35.0,Active,-0.8832009003469569,-11.018823978748348,17.43780046571058,1.2414917038851065
https://comptox.epa.gov/dashboard/chemical/details/DTXSID30395037,tris(Trifluoroethoxy)methane,58244-27-2,C7H7F9O3,310.025148,1,496,0.0,Inactive,0.046031356977913676,0.5742877071833908,0.2000000010124237,-0.6989700021375687
https://comptox.epa.gov/dashboard/chemical/details/DTXSID3047429,Dexamethasone sodium phosphate,2392-39-4,C22H28FNa2O8P,516.130122,110,1107,10.0,Inactive,-0.05830961060102436,-0.7274713320940286,0.9002727348694246,-0.04562590244357967
https://comptox.epa.gov/dashboard/chemical/details/DTXSID3047558,2-(Perfluorohexyl)ethyl methacrylate,2144-53-8,C12H9F13O2,432.039496,17,1037,2.0,Inactive,-0.04436456097880654,-0.5534927422830737,0.9267037326886932,-0.03305908767184331
https://comptox.epa.gov/dashboard/chemical/details/DTXSID3066215,(Heptafluorobutanoyl)pivaloylmethane,17587-22-3,C10H11F7O2,296.064727,27,506,5.0,Inactive,0.013421876143872047,0.16745147184042644,30,1.4771212547196624
https://comptox.epa.gov/dashboard/chemical/details/DTXSID3059927,Hexafluoroamylene glycol,376-90-9,C5H6F6O2,212.027198,8,496,2.0,Inactive,0.0390234008877474,0.486856371257437,0.1999987774576267,-0.6989726590611657
https://comptox.epa.gov/dashboard/chemical/details/DTXSID30622698,2H-Perfluoroisopropyl 2-fluoroacrylate,74359-06-1,C6H3F7O2,240.002126,5,298,2.0,Inactive,-0.010874804727546334,-0.13567418132049044,0.20000000798488135,-0.6989699869970696
https://comptox.epa.gov/dashboard/chemical/details/DTXSID30627108,((Perfluorooctyl)ethyl)phosphonic acid,80220-63-9,C10H6F17O3P,527.978310,63,512,12.0,Inactive,-0.04094652464925863,-0.5108492840920097,30.000000000000004,1.4771212547196626
https://comptox.epa.gov/dashboard/chemical/details/DTXSID3065586,"2,2,3,3,4,4,4-Heptafluorobutyl methacrylate",13695-31-3,C8H7F7O2,268.033427,4,471,1.0,Inactive,0.0035805040078268303,0.044670406701293144,1.197355671448991,0.07822317563908213
https://comptox.epa.gov/dashboard/chemical/details/DTXSID3059921,Perfluorotetradecanoic acid,376-06-7,C14HF27O2,713.954540,26,463,6.0,Inactive,0.02631768781133204,0.32833975758720224,0.019969636681094832,-1.6996298364227893
https://comptox.epa.gov/dashboard/chemical/details/DTXSID30880413,"3-(Perfluorohexyl)-1,2-epoxypropane",38565-52-5,C9H5F13O,376.013281,6,505,1.0,Inactive,0.01936605801868799,0.24161114915793486,30,1.4771212547196624
https://comptox.epa.gov/dashboard/chemical/details/DTXSID30891564,2-(Perfluorobutyl)-1-ethanesulfonic acid,757124-72-4,C6H5F9O3S,327.981569,6,497,1.0,Inactive,-0.015286905520150607,-0.19071959849692693,6.1382942283376085,0.7880477017368754
https://comptox.epa.gov/dashboard/chemical/details/DTXSID40108559,Ammonium perfluoro-2-methyl-3-oxahexanoate,62037-80-3,C6H4F11NO3,347.001553,29,460,6.0,Inactive,0.027233313571520666,0.3397631144677973,5.074633596693368,0.7054046903923842
https://comptox.epa.gov/dashboard/chemical/details/DTXSID40187142,Pentadecafluorooctanoyl chloride,335-64-8,C8ClF15O,431.939815,23,461,5.0,Inactive,0.043568584461428014,0.5435621306489985,1.864983067461371,0.2706748931197874
https://comptox.epa.gov/dashboard/chemical/details/DTXSID4020119,Azathioprine,446-86-6,C9H7N7O2S,277.038194,183,1022,18.0,Inactive,-0.06091529184934833,-0.7599798395114554,10.356977567540465,1.0152330355974912
https://comptox.epa.gov/dashboard/chemical/details/DTXSID40204489,Perfluorooct-1-ene,559-14-8,C8F16,399.974451,11,471,2.0,Inactive,-0.007866286051614142,-0.09813986980218121,30.000000000000004,1.4771212547196626
https://comptox.epa.gov/dashboard/chemical/details/DTXSID4020822,Methotrexate,59-05-2,C20H22N8O5,454.171316,135,1096,12.0,Active,-0.14748249598846186,-1.8399932140070536,0.5968255978832029,-0.22415255822135408
https://comptox.epa.gov/dashboard/chemical/details/DTXSID4022446,"2,2'-Bisphenol F",2467-02-9,C13H12O2,200.083730,118,731,16.0,Inactive,-0.04279432912663807,-0.5339025127236705,2.881570872849846,0.45962930561409027
https://comptox.epa.gov/dashboard/chemical/details/DTXSID40235137,Dimethoxymethyl((perfluorohexyl)ethyl)silane,85857-17-6,C11H13F13O2Si,452.047722,0,496,0.0,Inactive,-0.0493732167492436,-0.6159807858107779,0.22129611299852062,-0.6550262142612603
https://comptox.epa.gov/dashboard/chemical/details/DTXSID4029692,Potassium nitrate,7757-79-1,KNO3,100.951524,12,666,2.0,Inactive,0.00875441426482576,0.10922016698948563,39.99999999999999,1.6020599913279623
https://comptox.epa.gov/dashboard/chemical/details/DTXSID40379666,N-Methyl-N-trimethylsilylheptafluorobutyramide,53296-64-3,C8H12F7NOSi,299.057638,6,461,1.0,Inactive,-0.018338478616590596,-0.22879105743084238,1.028652827199176,0.01226882406048508
https://comptox.epa.gov/dashboard/chemical/details/DTXSID40380797,"1H,1H-Perfluoro-3,6,9-trioxadecan-1-ol",147492-57-7,C7H3F13O4,397.982375,117,506,23.0,Inactive,-0.0337137067538201,-0.4206125698530749,3.7060471739693766,0.5689109431167692
https://comptox.epa.gov/dashboard/chemical/details/DTXSID40380257,3-(Perfluoroisopropyl)-2-propenoic acid,243139-64-2,C6H3F7O2,240.002126,3,506,1.0,Inactive,0.005946323446231069,0.07418639558563056,0.2000000064667733,-0.6989699902935993
https://comptox.epa.gov/dashboard/chemical/details/DTXSID4038924,Hexyl salicylate,6259-76-3,C13H18O3,222.125594,79,663,12.0,Active,-0.7368123213631079,-9.192478485114377,21.751854933901075,1.3374962982197363
https://comptox.epa.gov/dashboard/chemical/details/DTXSID4044400,Tetrabutylammonium bromide,1643-19-2,C16H36BrN,321.203113,29,471,6.0,Inactive,-0.031678143308915205,-0.3952168583131858,6.517796922580519,0.8141008248654503
https://comptox.epa.gov/dashboard/chemical/details/DTXSID4044791,Benzyl propanoate,122-63-4,C10H12O2,164.083730,5,637,1.0,Active,-0.09742256180175535,-1.2154449340241475,4.68261633179621,0.670488575503674
https://comptox.epa.gov/dashboard/chemical/details/DTXSID4059916,Perfluorobutanoic acid,375-22-4,C4HF7O2,213.986476,9,506,2.0,Inactive,0.01726777034047352,0.21543288940532468,0.20000001815314994,-0.6989699649169564
https://comptox.epa.gov/dashboard/chemical/details/DTXSID4059833,Perfluorohexanedioic acid,336-08-3,C6H2F8O4,289.982534,4,470,1.0,Inactive,-0.026283626188916366,-0.3279148044177915,0.20000000245039795,-0.6989699990150473
https://comptox.epa.gov/dashboard/chemical/details/DTXSID4059912,Heptafluorobutyl iodide,374-98-1,C4H2F7I,309.908940,6,469,1.0,Inactive,-0.018648698101783028,-0.23266135908109037,6.471994285353272,0.8110381251306937
https://comptox.epa.gov/dashboard/chemical/details/DTXSID4059914,3:1 Fluorotelomer alcohol,375-01-9,C4H3F7O,200.007212,5,505,1.0,Inactive,0.015636372133443977,0.19507954774156228,30,1.4771212547196624
https://comptox.epa.gov/dashboard/chemical/details/DTXSID50184723,"1H,1H-Perfluorooctylamine",307-29-9,C8H4F15N,399.010422,0,460,0.0,Inactive,-0.0341556355612618,-0.4261260784312764,5.95275410960431,0.7747179435214269
https://comptox.epa.gov/dashboard/chemical/details/DTXSID5021251,Saccharin,81-07-2,C7H5NO3S,182.999014,12,703,2.0,Inactive,-0.012670233362624225,-0.1580739683774963,0.6412400881972142,-0.19297933482285531
https://comptox.epa.gov/dashboard/chemical/details/DTXSID50226894,9H-Perfluorononanoic acid,76-21-1,C9H2F16O2,445.979930,28,300,9.0,Inactive,-0.07756774543905105,-0.9677360304835524,7.671215306530185,0.8848641721770696
https://comptox.epa.gov/dashboard/chemical/details/DTXSID50229163,Trichloro((perfluorohexyl)ethyl)silane,78560-45-9,C8H4Cl3F13Si,479.894026,8,460,2.0,Active,-0.09166032531722829,-1.1435552093624282,0.03744023573201642,-1.4266614255110786
https://comptox.epa.gov/dashboard/chemical/details/DTXSID5027140,Perfluorooctanesulfonyl fluoride,307-35-7,C8F18O2S,501.933157,5,462,1.0,Inactive,0.040554614997628816,0.505959815042346,29.999999999999996,1.4771212547196624
https://comptox.epa.gov/dashboard/chemical/details/DTXSID5026706,"1,2-Diphenoxyethane",104-66-5,C14H14O2,214.099380,34,693,5.0,Inactive,-0.0469719773138184,-0.5860228966607721,8.652755125011211,0.9371544132537813
https://comptox.epa.gov/dashboard/chemical/details/DTXSID5030030,Perfluorobutanesulfonic acid,375-73-5,C4HF9O3S,299.950269,8,504,2.0,Inactive,-0.038206669553505844,-0.4766668223038516,0.20000000201884985,-0.6989699999521422
https://comptox.epa.gov/dashboard/chemical/details/DTXSID50369896,"1H,1H,10H,10H-Perfluorodecane-1,10-diol",754-96-1,C10H6F16O2,462.011230,120,497,24.0,Active,-0.7236202431415596,-9.027893974636617,42.32221147080812,1.6265683528947017
https://comptox.epa.gov/dashboard/chemical/details/DTXSID50379930,"1H,1H-Perfluorononylamine",355-47-5,C9H4F17N,449.007228,1,460,0.0,Inactive,0.020788656601520357,0.2593595044534161,1.463873398531514,0.1655035188694781
https://comptox.epa.gov/dashboard/chemical/details/DTXSID50381073,"Perfluoro-3,6-dioxadecanoic acid",137780-69-9,C8HF15O4,445.963531,52,299,17.0,Inactive,-0.043718269864445734,-0.5454296073549125,30,1.4771212547196624
https://comptox.epa.gov/dashboard/chemical/details/DTXSID50379814,Perfluoro-2-ethoxyethanesulfonic acid,113507-82-7,C4HF9O4S,315.945183,15,299,5.0,Inactive,0.013577447298473606,0.16939237924671624,0.20000000051587363,-0.6989700032158135
https://comptox.epa.gov/dashboard/chemical/details/DTXSID50375114,"Perfluoro-3,6,9-trioxatridecanoic acid",330562-41-9,C10HF19O5,561.952058,187,504,37.0,Active,-0.9518436659244578,-11.875211864014135,8.796614482653238,0.9443155591499176
https://comptox.epa.gov/dashboard/chemical/details/DTXSID5037731,"4,4'-(9H-Fluorene-9,9-diyl)diphenol",3236-71-3,C25H18O2,350.130680,301,635,47.0,Active,-1.6212109131261245,-20.226244874914656,2.8499957384675363,0.4548442106185393
https://comptox.epa.gov/dashboard/chemical/details/DTXSID50381992,"Bis(1H,1H-perfluoropropyl)amine",883498-76-8,C6H5F10N,281.026231,7,496,1.0,Inactive,-0.017646594968570205,-0.22015910955996038,0.20000001480758095,-0.6989699721817665
https://comptox.epa.gov/dashboard/chemical/details/DTXSID5038888,Basic Blue 7,2390-60-5,C33H40ClN3,513.291076,345,696,50.0,Active,-1.1973721906197483,-14.938428391891732,1.0868384047722366,0.03616497634685747
https://comptox.epa.gov/dashboard/chemical/details/DTXSID5040700,Trimethoxyphenylsilane,2996-92-1,C9H14O3Si,198.071221,3,670,0.0,Inactive,0.02607345141861493,0.32529266171185034,20.000000000000007,1.3010299956639813
https://comptox.epa.gov/dashboard/chemical/details/DTXSID50382621,7:3 Fluorotelomer alcohol,25600-66-2,C10H7F15O,428.025737,198,469,42.0,Active,-1.130074305801815,-14.098819253518368,16.281611325121297,1.2116973830458064
https://comptox.epa.gov/dashboard/chemical/details/DTXSID5041726,C.I. Direct Red 81 disodium salt,2610-11-9,C29H19N5Na2O8S2,675.047043,89,701,13.0,Inactive,-0.05550296669027108,-0.6924556123280418,0.2007285358438567,-0.6973908832246141
https://comptox.epa.gov/dashboard/chemical/details/DTXSID50441560,"Methyl 2H,2H,3H,3H-perfluoroheptanoate",132424-36-3,C8H7F9O2,306.030233,9,497,2.0,Inactive,-0.07355507893706469,-0.9176739598341245,1.3304426641534473,0.12399616323290488
https://comptox.epa.gov/dashboard/chemical/details/DTXSID5044572,2-(Perfluorohexyl)ethanol,647-42-7,C8H5F13O,364.013281,66,1038,6.0,Active,-0.6178628573022108,-7.708463685833047,51.54526248621836,1.7121887555430757
https://comptox.epa.gov/dashboard/chemical/details/DTXSID5044520,Tetrabromophenolphthalein ethyl ester,1176-74-5,C22H14Br4O4,657.762561,223,652,34.0,Active,-1.1747790507567524,-14.656556134764505,3.733292317345332,0.5720919965804003
https://comptox.epa.gov/dashboard/chemical/details/DTXSID50469320,Perfluorohexanesulfonamide,41997-13-1,C6H2F13NO2S,398.959866,79,462,17.0,Inactive,0.08057217834407902,1.0052193678798997,15.385568749698422,1.1871135552009688
https://comptox.epa.gov/dashboard/chemical/details/DTXSID50892417,4H-Perfluorobutanoic acid,679-12-9,C4H2F6O2,195.995898,9,497,2.0,Inactive,0.05352297165716292,0.6677531728943362,30,1.4771212547196624
https://comptox.epa.gov/dashboard/chemical/details/DTXSID5059799,"1H,1H-Perfluorooctyl acrylate",307-98-2,C11H5F15O2,454.005002,17,460,4.0,Inactive,-0.03309463029949782,-0.4128889653177024,0.20000000466874052,-0.6989699941979777
https://comptox.epa.gov/dashboard/chemical/details/DTXSID5059828,1-Iodopentadecafluoroheptane,335-58-0,C7F15I,495.880520,17,460,4.0,Inactive,-0.03915654353018897,-0.48851746030360166,0.5772745189132029,-0.23861761197931847
https://comptox.epa.gov/dashboard/chemical/details/DTXSID50880218,"1H,1H,2H-Perfluorocyclopentane",15290-77-4,C5H3F7,196.012297,5,460,1.0,Inactive,-0.042128381260494466,-0.5255941399478086,3.644469933140673,0.5616343716520104
https://comptox.epa.gov/dashboard/chemical/details/DTXSID5060986,"1H,1H,5H,5H-Perfluoro-1,5-pentanediol diacrylate",678-95-5,C11H10F6O4,320.048328,189,510,37.0,Active,-1.123611474311025,-14.018188897986176,2.35428661663844,0.37185933380358416
https://comptox.epa.gov/dashboard/chemical/details/DTXSID5063235,"2,2,3,3,4,4,5,5,6,6,7,7,8,8,8-Pentadecafluorooctyl methacrylate",3934-23-4,C12H7F15O2,468.020652,5,460,1.0,Inactive,-0.019410280407309848,-0.24216286815635596,0.33353062906990105,-0.4768642774138695
https://comptox.epa.gov/dashboard/chemical/details/DTXSID5061954,11-H-Perfluoroundecanoic acid,1765-48-6,C11H2F20O2,545.973543,136,504,27.0,Active,-0.42100564708024746,-5.25247100338543,23.42554840039264,1.369689766666607
https://comptox.epa.gov/dashboard/chemical/details/DTXSID5067348,2-(Perfluorooctyl)ethyl acrylate,27905-45-9,C13H7F17O2,518.017458,16,469,3.0,Active,-0.1057828668076572,-1.319748189639594,7.242805632297795,0.8599068306441553
https://comptox.epa.gov/dashboard/chemical/details/DTXSID60195123,Perfluorooctanamide,423-54-1,C8H2F15NO,412.989686,10,470,2.0,Inactive,-0.029866271409918745,-0.3726119249178059,0.40385193948530007,-0.39377782709306264
https://comptox.epa.gov/dashboard/chemical/details/DTXSID6020062,2-Amino-4-nitrophenol,99-57-0,C6H6N2O3,154.037842,65,634,10.0,Inactive,0.05327942465283564,0.6647146778359871,2.1675615469410388,0.33597143792097295
https://comptox.epa.gov/dashboard/chemical/details/DTXSID6020226,Cadmium chloride,10108-64-2,CdCl2,183.841070,263,573,46.0,Active,-0.7524330510156761,-9.387362877095462,2.206843862336953,0.3437716072331348
https://comptox.epa.gov/dashboard/chemical/details/DTXSID60238701,Perfluoropinacol,918-21-8,C6H2F12O2,333.986317,121,299,40.0,Inactive,0.056528113707227635,0.7052453575918268,2.89972536727773,0.46235686785628405
https://comptox.epa.gov/dashboard/chemical/details/DTXSID6025301,2-Ethylhexyl glycidyl ether,2461-15-6,C11H22O2,186.161980,13,632,2.0,Inactive,0.032242401150190655,0.4022565452396827,0.2000000004419546,-0.6989700033763266
https://comptox.epa.gov/dashboard/chemical/details/DTXSID6027426,N-Ethyl-N-(2-hydroxyethyl)perfluorooctane sulfonamide,1691-99-2,C12H10F17NO3S,571.010993,124,505,25.0,Active,-0.3810864107443119,-4.7544381793938175,30,1.4771212547196624
https://comptox.epa.gov/dashboard/chemical/details/DTXSID60377821,4:4 Fluorotelomer alcohol,3792-02-7,C8H9F9O,292.050968,4,505,1.0,Inactive,0.018557067717647348,0.23151817741823252,10.703264829776801,1.0295162712630532
https://comptox.epa.gov/dashboard/chemical/details/DTXSID60377826,"1H,1H-Perfluoropentylamine",355-27-1,C5H4F9N,249.020003,3,496,1.0,Inactive,-0.018989906331437004,-0.2369182766421804,5.045602287098319,0.7029130148446963
https://comptox.epa.gov/dashboard/chemical/details/DTXSID60379269,3-(Perfluoropropyl)propanol,679-02-7,C6H7F7O,228.038512,1,496,0.0,Inactive,-0.023602679137957196,-0.29446728003318234,5.030390419908015,0.7016016929349825
https://comptox.epa.gov/dashboard/chemical/details/DTXSID60400587,Nonafluoropentanamide,13485-61-5,C5H2F9NO,262.999267,6,496,1.0,Inactive,-0.013215463098038348,-0.16487626044960318,30,1.4771212547196624
https://comptox.epa.gov/dashboard/chemical/details/DTXSID60379901,(Perfluoro-5-methylhexyl)ethyl 2-methylprop-2-enoate,50836-66-3,C13H9F15O2,482.036302,7,460,2.0,Inactive,-0.027231644912459815,-0.3397422962593185,0.020000000333883078,-1.6989699970858398
https://comptox.epa.gov/dashboard/chemical/details/DTXSID60380390,"2,2,2-Trifluoroethyl perfluorobutanesulfonate",79963-95-4,C6H2F12O3S,381.953303,43,462,9.0,Inactive,0.009323536164308074,0.11632053795874416,30.000000000000004,1.4771212547196626
https://comptox.epa.gov/dashboard/chemical/details/DTXSID6041424,"2,6-Dimethyl-2-heptanol",13254-34-7,C9H20O,144.151415,3,662,0.0,Inactive,0.016851289138534727,0.2102368654284262,20.000000000000007,1.3010299956639813
https://comptox.epa.gov/dashboard/chemical/details/DTXSID6042521,Zoalene,148-01-6,C8H7N3O5,225.038570,12,471,3.0,Inactive,-0.023489009184128197,-0.2930491324606174,20.000000000000007,1.3010299956639813
https://comptox.epa.gov/dashboard/chemical/details/DTXSID6042490,Triethoxymethylsilane,2031-67-6,C7H18O3Si,178.102521,13,660,2.0,Inactive,0.044251551822539675,0.5520828388280361,1.0460572340128391,0.019555447185121012
https://comptox.epa.gov/dashboard/chemical/details/DTXSID6044357,(4-Methoxyphenyl)methanol,105-13-5,C8H10O2,138.068080,10,637,2.0,Inactive,-0.0450605702945403,-0.5621761620289396,0.20000001377787013,-0.698969974417755
https://comptox.epa.gov/dashboard/chemical/details/DTXSID60500450,Perfluoro(4-methoxybutanoic acid),863090-89-5,C5HF9O3,279.978197,6,506,1.0,Inactive,0.06107099078727233,0.761922341143857,8.906781437465042,0.9497207953416984
https://comptox.epa.gov/dashboard/chemical/details/DTXSID6062599,Perfluoropentanoic acid,2706-90-3,C5HF9O2,263.983283,4,461,1.0,Inactive,-0.05307970199139017,-0.6622229357531041,0.20000000148604755,-0.6989700011091076
https://comptox.epa.gov/dashboard/chemical/details/DTXSID60892443,Sodium perfluorodecanesulfonate,2806-15-7,C10F21NaO3S,621.913051,68,460,15.0,Active,0.12130405952737658,1.513390757770619,10.248571774497826,1.0106633469847022
https://comptox.epa.gov/dashboard/chemical/details/DTXSID70191136,Perfluoro-3-methoxypropanoic acid,377-73-1,C4HF7O3,229.981391,4,470,1.0,Inactive,-0.006992949967753306,-0.08724411938053694,0.20000000035845625,-0.6989700035576409
https://comptox.epa.gov/dashboard/chemical/details/DTXSID60663110,Perfluoro-4-isopropoxybutanoic acid,801212-59-9,C7HF13O3,379.971810,21,470,4.0,Inactive,0.04590035407781616,0.5726533135858378,5.952753977960774,0.7747179339171225
https://comptox.epa.gov/dashboard/chemical/details/DTXSID7020215,Butylated hydroxyanisole,25013-16-5,C11H16O2,180.115030,60,541,11.0,Inactive,-0.008711660551913738,-0.1086867712050945,3.170491986234171,0.5011266597974868
https://comptox.epa.gov/dashboard/chemical/details/DTXSID6067331,6:2 Fluorotelomer sulfonic acid,27619-97-2,C8H5F13O3S,427.975181,16,461,3.0,Inactive,0.022009958090299327,0.2745964750277805,0.20000001190827976,-0.6989699784775186
https://comptox.epa.gov/dashboard/chemical/details/DTXSID7023300,Methylprednisolone,83-43-2,C22H30O5,374.209324,50,647,8.0,Inactive,-0.059423426927864974,-0.7413673166263037,2.116788713383039,0.3256775112120324
https://comptox.epa.gov/dashboard/chemical/details/DTXSID7023938,"1,2-Benzenedicarboxylic acid, 2-butoxy-2-oxoethyl butyl ester",85-70-1,C18H24O6,336.157288,21,637,3.0,Inactive,-0.024353063246889604,-0.30382908028670114,0.2000000039647193,-0.6989699957267403
https://comptox.epa.gov/dashboard/chemical/details/DTXSID7025502,Linalool,78-70-6,C10H18O,154.135765,5,675,1.0,Inactive,0.016356424891494338,0.20406293373364218,20.000000000000007,1.3010299956639813
https://comptox.epa.gov/dashboard/chemical/details/DTXSID7027837,Tripropylene glycol,24800-44-0,, ,12,663,2.0,Inactive,-0.018428757895399567,-0.22991738268904083,0.20000010239494231,-0.6989697819882836
https://comptox.epa.gov/dashboard/chemical/details/DTXSID70276659,"Perfluoro-(2,5,8-trimethyl-3,6,9-trioxadodecanoic) acid",65294-16-8,C12HF23O5,661.945671,4,461,1.0,Inactive,-0.023963935941205806,-0.2989743238151328,0.006000000093759533,-2.221848742829815
https://comptox.epa.gov/dashboard/chemical/details/DTXSID7027831,N-Methyl-N-(2-hydroxyethyl)perfluorooctanesulfonamide,24448-09-7,C11H8F17NO3S,556.995343,21,496,4.0,Active,-0.13995118329433032,-1.7460324754333632,0.05528937795972115,-1.257358296119869
https://comptox.epa.gov/dashboard/chemical/details/DTXSID7029904,2-(Perfluorooctyl)ethanol,678-39-7,C10H5F17O,464.006894,204,1063,19.0,Active,-0.8355042422491921,-10.423759956794395,10.092301904450187,1.0039902336683317
https://comptox.epa.gov/dashboard/chemical/details/DTXSID70366226,Perfluoropentanamide,355-81-7,C5H3F8NO,245.008689,8,497,2.0,Inactive,0.028841962133298264,0.35983263131150833,0.2000000072736572,-0.6989699885414732
https://comptox.epa.gov/dashboard/chemical/details/DTXSID70381090,"1H,1H,8H,8H-Perfluoro-3,6-dioxaoctane-1,8-diol",129301-42-4,C6H6F8O4,294.013834,9,497,2.0,Inactive,-0.008038065768044379,-0.10028299540103479,30,1.4771212547196624
https://comptox.epa.gov/dashboard/chemical/details/DTXSID70381151,Perfluorooctanamidine,307-31-3,C8H3F15N2,412.005671,103,506,20.0,Active,-0.13260667743479515,-1.6544023409471866,43.69102790296551,1.6403922623185068
https://comptox.epa.gov/dashboard/chemical/details/DTXSID70379295,"3H-Perfluoro-2,2,4,4-tetrahydroxypentane",77953-71-0,C5H5F7O4,262.007606,79,506,16.0,Inactive,-0.03946015795987995,-0.49230535721002316,30,1.4771212547196624
https://comptox.epa.gov/dashboard/chemical/details/DTXSID70379917,"4,4,5,5,6,6,7,7,8,8,9,9,9-Tridecafluorononanoic acid",27854-30-4,C9H5F13O2,392.008196,19,461,4.0,Inactive,0.02842254092039992,0.3545999277261016,0.20000001197751033,-0.6989699783271863
https://comptox.epa.gov/dashboard/chemical/details/DTXSID70400078,(Heptafluoropropyl)trimethylsilane,3834-42-2,C6H9F7Si,242.036174,5,460,1.0,Inactive,0.010111435287634139,0.12615037593731676,0.20000001024943714,-0.6989699820796494
https://comptox.epa.gov/dashboard/chemical/details/DTXSID7040150,Perfluorohexanesulfonic acid,355-46-4,C6HF13O3S,399.943881,20,461,4.0,Inactive,0.03739159504245773,0.4664979438943353,0.19870919457634378,-0.7017820369597194
https://comptox.epa.gov/dashboard/chemical/details/DTXSID7042011,N-Dodecanoyl-N-methylglycine,97-78-9,C15H29NO3,271.214744,80,670,12.0,Active,-0.09270729063192554,-1.1566171599446478,5.1320322100094815,0.7102893734599995
https://comptox.epa.gov/dashboard/chemical/details/DTXSID7044427,4-Morpholinecarboxaldehyde,4394-85-8,C5H9NO2,115.063329,4,644,1.0,Inactive,0.03080633980388773,0.38434022836163134,0.20578505278613657,-0.6865861734426337
https://comptox.epa.gov/dashboard/chemical/details/DTXSID7044764,2-Phenylethyl 2-methylpropanoate,103-48-0,C12H16O2,192.115030,9,634,1.0,Inactive,-0.04716693680313064,-0.5884552133566386,0.7417541155645531,-0.12974003535555362
https://comptox.epa.gov/dashboard/chemical/details/DTXSID7044922,1-(2-Hydroxyethyl)pyrrolidin-2-one,3445-11-2,C6H11NO2,129.078979,17,634,3.0,Inactive,-0.023691965532107832,-0.2955812180516519,3.161407881390145,0.4998805316539656
https://comptox.epa.gov/dashboard/chemical/details/DTXSID7046627,Bosentan,147536-97-8,C27H29N5O6S,551.183855,27,437,6.0,Inactive,-0.019476882363716915,-0.24299379488435346,0.14799247263673673,-0.8297603736284567
https://comptox.epa.gov/dashboard/chemical/details/DTXSID7047198,Ethyl 2-methylpentanoate,39255-32-8,C8H16O2,144.115030,3,637,0.0,Inactive,-0.03155686543844949,-0.3937037942904315,0.7808576351758432,-0.10742813884155342
https://comptox.epa.gov/dashboard/chemical/details/DTXSID7047566,Perfluoro-1-iodohexane,355-43-1,C6F13I,445.883710,29,505,6.0,Active,-0.09121627855661554,-1.138015277177573,27.575543012545523,1.4405240732438755
https://comptox.epa.gov/dashboard/chemical/details/DTXSID7074616,"1H,1H,2H-Perfluoro-1-decene",21652-58-4,C10H3F17,445.996329,0,460,0.0,Inactive,-0.047172864046768376,-0.5885291617123273,4.956470584651042,0.6951725330984967
https://comptox.epa.gov/dashboard/chemical/details/DTXSID70565479,8H-Perfluorooctanoic acid,13973-14-3,C8H2F14O2,395.983124,19,462,4.0,Inactive,0.04454985140384403,0.5558044276285409,2.0376664475929345,0.3091330943782228
https://comptox.epa.gov/dashboard/chemical/details/DTXSID70537191,Methyl 3H-perfluoroisopropyl ether,568550-25-4,C4H4F6O,182.016634,4,460,1.0,Inactive,0.0075910308043781105,0.09470578236258598,30,1.4771212547196624
https://comptox.epa.gov/dashboard/chemical/details/DTXSID70880134,1-Pentafluoroethylethanol,374-40-3,C4H5F5O,164.026056,4,496,1.0,Inactive,-0.028045854087307774,-0.34990037872504876,4.151184681433172,0.618172055070442
https://comptox.epa.gov/dashboard/chemical/details/DTXSID7060332,(Perfluorobutyryl)-2-thenoylmethane,559-94-4,C10H5F7O2S,321.989848,181,508,36.0,Inactive,-0.03650448414211793,-0.45543033871341526,29.999999999999996,1.4771212547196624
https://comptox.epa.gov/dashboard/chemical/details/DTXSID70880215,Perfluoro-2-methyl-3-oxahexanoic acid,13252-13-6,C6HF11O3,329.975004,6,506,1.0,Inactive,-0.013606630335756879,-0.1697564671352853,30,1.4771212547196624
https://comptox.epa.gov/dashboard/chemical/details/DTXSID70880230,"((2,2,3,3-Tetrafluoropropoxy)methyl)oxirane",19932-26-4,C6H8F4O2,188.046042,8,461,2.0,Inactive,-0.0063176494775382865,-0.07881906316567276,29.999999999999996,1.4771212547196624
https://comptox.epa.gov/dashboard/chemical/details/DTXSID8026303,p-Xylenol blue,125-31-5,C23H22O5S,410.118795,65,640,10.0,Inactive,0.004384414277932828,0.05469999992014765,20.000000000000007,1.3010299956639813
https://comptox.epa.gov/dashboard/chemical/details/DTXSID8027036,"2,2-Dimethylpropane-1,3-diol",126-30-7,C5H12O2,104.083730,8,663,1.0,Inactive,0.006881762470047824,0.08585694295740048,20.000000000000007,1.3010299956639813
https://comptox.epa.gov/dashboard/chemical/details/DTXSID80310730,Octafluoroadipamide,355-66-8,C6H4F8N2O2,288.014503,5,506,1.0,Inactive,-0.012750373449587855,-0.1590737969686435,29.999999999999996,1.4771212547196624
https://comptox.epa.gov/dashboard/chemical/details/DTXSID8031863,Perfluorononanoic acid,375-95-1,C9HF17O2,463.970508,277,1124,25.0,Inactive,0.10690697273602336,1.3337725473517164,30,1.4771212547196624
https://comptox.epa.gov/dashboard/chemical/details/DTXSID8031865,Perfluorooctanoic acid,335-67-1,C8HF15O2,413.973702,133,1396,10.0,Inactive,-0.04538762047881585,-0.5662564436628621,30,1.4771212547196624
https://comptox.epa.gov/dashboard/chemical/details/DTXSID80371164,"Perfluoro(2-(2-propoxypropoxy)-1H,1H-propan-1-ol)",14548-74-4,C9H3F17O3,481.981073,86,298,29.0,Active,-0.7376029537119372,-9.202342422843868,4.83671176866089,0.684550207502199
https://comptox.epa.gov/dashboard/chemical/details/DTXSID80375107,11:1 Fluorotelomer alcohol,423-65-4,C12H3F23O,599.981662,58,505,11.0,Inactive,0.009828661935121373,0.12262249253503003,0.006000000314912022,-2.2218487268222646
https://comptox.epa.gov/dashboard/chemical/details/DTXSID8037706,Potassium perfluorooctanesulfonate,2795-39-3,C8F17KO3S,537.893375,224,1132,20.0,Inactive,-0.008907552032193037,-0.11113071543033941,30,1.4771212547196624
https://comptox.epa.gov/dashboard/chemical/details/DTXSID8037708,Ammonium perfluorooctanoate,3825-26-1,C8H4F15NO2,431.000251,74,1025,7.0,Inactive,-0.05749375160613114,-0.7172926664555817,1.0133427432807245,0.005756361786379791
https://comptox.epa.gov/dashboard/chemical/details/DTXSID80379721,"1H,1H,6H,6H-Perfluorohexane-1,6-diol diacrylate",2264-01-9,C12H10F8O4,370.045134,199,511,39.0,Active,-1.2111122954553408,-15.109850088329617,8.178448291612996,0.9126709121901744
https://comptox.epa.gov/dashboard/chemical/details/DTXSID80380837,"Perfluoro-3,6,9-trioxadecanoic acid",151772-59-7,C7HF13O5,411.961639,23,462,5.0,Inactive,-0.03976397470996266,-0.49609577826783874,0.042781796307352474,-1.368740984374287
https://comptox.epa.gov/dashboard/chemical/details/DTXSID80382093,2-Aminohexafluoropropan-2-ol,31253-34-6,C3H3F6NO,183.011883,16,505,3.0,Inactive,0.022856155423273905,0.2851536421000404,0.2000000055601929,-0.6989699922622135
https://comptox.epa.gov/dashboard/chemical/details/DTXSID80379781,Perfluorocyclohexanecarbonyl fluoride,6588-63-2,C7F12O,327.975753,6,470,1.0,Inactive,-0.01285805755478998,-0.16041726502904188,0.958127507609803,-0.018576691165228566
https://comptox.epa.gov/dashboard/chemical/details/DTXSID80382154,Perfluoroheptanoyl chloride,52447-22-0,C7ClF13O,381.943008,10,462,2.0,Inactive,0.06414099936252167,0.8002238013106566,1.6042161784760522,0.20526289187405425
https://comptox.epa.gov/dashboard/chemical/details/DTXSID80380256,"4,4-bis(Trifluoromethyl)-4-fluoropropanoic acid",243139-62-0,C6H5F7O2,242.017777,10,298,3.0,Inactive,-0.02279399799487051,-0.2843781653514551,1.209676903771642,0.08266938879039187
https://comptox.epa.gov/dashboard/chemical/details/DTXSID8044755,Prop-2-en-1-yl 3-cyclohexylpropanoate,2705-87-5,C12H20O2,196.146330,10,637,2.0,Inactive,-0.11398199510013242,-1.422040602836262,20.000000000000007,1.3010299956639813
https://comptox.epa.gov/dashboard/chemical/details/DTXSID8044836,"2,4,4'-Trihydroxybenzophenone",1470-79-7,C13H10O4,230.057909,128,754,17.0,Inactive,-0.010072221261936892,-0.12566114132887565,0.20000001289327482,-0.6989699763386292
https://comptox.epa.gov/dashboard/chemical/details/DTXSID8044961,"Bis{2-[2-(propan-2-yl)-1,3-oxazolidin-3-yl]ethyl} hexane-1,6-diylbiscarbamate",59719-67-4,C24H46N4O6,486.341735,10,469,2.0,Active,-0.12040780305844286,-1.502209052377072,0.23343587219986484,-0.6318324049257384
https://comptox.epa.gov/dashboard/chemical/details/DTXSID8044969,Methyl perfluoro(3-(1-ethenyloxypropan-2-yloxy)propanoate),63863-43-4,C9H3F13O4,421.982375,42,467,9.0,Inactive,0.021286863578793003,0.26557514008670746,0.3117521053962656,-0.5061906048617925
https://comptox.epa.gov/dashboard/chemical/details/DTXSID8047553,Perfluoroundecanoic acid,2058-94-8,C11HF21O2,563.964121,257,1123,23.0,Active,-1.186604498146417,-14.804090544212544,4.897466881033158,0.6899715077738329
https://comptox.epa.gov/dashboard/chemical/details/DTXSID8051419,"N-[(Perfluorooctylsulfonamido)propyl]-N,N,N-trimethylammonium iodide",1652-63-7,C14H16F17IN2O2S,725.970570,113,497,23.0,Active,-0.4682332140936686,-5.84168263990097,41.824975147868564,1.6214356915795187
https://comptox.epa.gov/dashboard/chemical/details/DTXSID8052148,C.I.Disperse Yellow 42,5124-25-4,C18H15N3O4S,369.078327,97,234,41.0,Active,-1.0037095594607284,-12.522291312361796,13.87252730776281,1.1421555883861154
https://comptox.epa.gov/dashboard/chemical/details/DTXSID8059920,Perfluoroheptanesulfonic acid,375-92-8,C7HF15O3S,449.940688,42,464,9.0,Inactive,0.047790986894002505,0.596240869035361,14.596880107930868,1.1642600409418988
https://comptox.epa.gov/dashboard/chemical/details/DTXSID8059926,Perfluoropentanedioic acid,376-73-8,C5H2F6O4,239.985728,5,460,1.0,Inactive,-0.014347777736440047,-0.17900303011685217,3.806152316562815,0.5804861641189203
https://comptox.epa.gov/dashboard/chemical/details/DTXSID80881157,"1-(Perfluorofluorooctyl)propane-2,3-diol",94159-84-9,C11H7F17O2,494.017458,9,460,2.0,Inactive,-0.021476579522986282,-0.2679420382569953,1,0
https://comptox.epa.gov/dashboard/chemical/details/DTXSID90174941,"3H,3H-Perfluoro-2,4-hexanedione",20825-07-4,C6H2F8O2,257.992705,16,470,3.0,Inactive,0.051685554093284895,0.6448295315077853,30,1.4771212547196624
https://comptox.epa.gov/dashboard/chemical/details/DTXSID8062101,2-(Perfluorooctyl)ethyl methacrylate,1996-88-9,C14H9F17O2,532.033108,5,298,2.0,Inactive,-0.0285338050603371,-0.35598806033854913,0.6944879684766913,-0.15833527371246112
https://comptox.epa.gov/dashboard/chemical/details/DTXSID8059928,Perfluorobutanedioic acid,377-38-8,C4H2F4O4,189.988921,9,496,2.0,Inactive,-0.04330329916571609,-0.5402524284323776,2.471431827628639,0.3929486353134708
https://comptox.epa.gov/dashboard/chemical/details/DTXSID90190949,"1,6-Diiodoperfluorohexane",375-80-4,C6F12I2,553.789780,170,461,37.0,Active,-1.0758503510275856,-13.42232060767898,4.943447497848005,0.6940299260685777
https://comptox.epa.gov/dashboard/chemical/details/DTXSID8059970,Perfluoropropanoic acid,422-64-0,C3HF5O2,163.989670,6,460,1.0,Inactive,-0.014991559406131146,-0.1870348571861908,30,1.4771212547196624
https://comptox.epa.gov/dashboard/chemical/details/DTXSID9020241,Capsaicin,404-86-4,C18H27NO3,305.199094,64,472,14.0,Active,-0.09173503005749943,-1.1444872265094923,0.7364873650753674,-0.13283469936461692
https://comptox.epa.gov/dashboard/chemical/details/DTXSID9021342,Bithionol,97-18-7,C12H6Cl4O2S,353.884261,263,641,41.0,Active,-0.9378849894581675,-11.701063265549246,2.850306258691271,0.45489152643439884
https://comptox.epa.gov/dashboard/chemical/details/DTXSID90315130,Perfluoro-1-octanesulfonyl chloride,423-60-9,C8ClF17O2S,517.903607,71,465,15.0,Inactive,-0.06049521457532869,-0.7547389509004084,0.20000000040475757,-0.6989700034570989
https://comptox.epa.gov/dashboard/chemical/details/DTXSID9034361,Denatonium saccharide,90823-38-4,C28H33N3O4S,507.219178,20,674,3.0,Inactive,-0.014789650586401163,-0.18451584056892115,0.2000000015395585,-0.6989700009929101
https://comptox.epa.gov/dashboard/chemical/details/DTXSID90371872,"1,8-Divinylperfluorooctane",35192-44-0,C12H6F16,454.021401,4,460,1.0,Inactive,-0.04642399786507796,-0.579186299135486,0.04001985981684202,-1.3977244369611417
https://comptox.epa.gov/dashboard/chemical/details/DTXSID90382620,3-(Perfluoroheptyl)propanoic acid,812-70-4,C10H5F15O2,442.005002,41,472,9.0,Inactive,-0.007142658796871853,-0.08911188835073812,3.5,0.5440680443502757
https://comptox.epa.gov/dashboard/chemical/details/DTXSID9040215,Dimethyl (3-((hydroxymethyl)amino)-3-oxopropyl)phosphonate,20120-33-6,C6H14NO5P,211.060960,15,513,3.0,Inactive,0.03053689100724893,0.3809785822624458,20.000000000000007,1.3010299956639813
https://comptox.epa.gov/dashboard/chemical/details/DTXSID9042170,"4,4'-(Oxydiethylene)bis(morpholine)",6425-39-4,C12H24N2O3,244.178693,8,469,2.0,Inactive,0.01441045717846461,0.1797850195130173,0.2000000013327668,-0.6989700014419524
https://comptox.epa.gov/dashboard/chemical/details/DTXSID9042382,Tetrapropyl orthosilicate,682-01-9,C12H28O4Si,264.175686,25,667,4.0,Inactive,-0.015651656064387925,-0.19527023022921436,0.2000000209999642,-0.6989699587351783
https://comptox.epa.gov/dashboard/chemical/details/DTXSID9044374,p-Methylacetophenone,122-00-9,C9H10O,134.073165,4,636,1.0,Inactive,-0.06227425220118542,-0.7769342435492098,2.645536570826873,0.42251376942072444
https://comptox.epa.gov/dashboard/chemical/details/DTXSID9044821,"Ethyl 2-cyano-3,3-diphenylacrylate",5232-99-5,C18H15NO2,277.110279,100,649,15.0,Inactive,-0.02074987865728217,-0.25887571040197155,0.20000000820549835,-0.6989699865180059
https://comptox.epa.gov/dashboard/chemical/details/DTXSID9047201,4-Formyl-2-methoxyphenyl isobutyrate,20665-85-4,C12H14O4,222.089209,10,637,2.0,Inactive,0.021717692168411063,0.2709501622273653,20.000000000000007,1.3010299956639813
https://comptox.epa.gov/dashboard/chemical/details/DTXSID90558000,6:2 Fluorotelomer phosphate monoester,57678-01-0,C8H6F13O4P,443.979612,27,505,5.0,Inactive,0.0361730886584834,0.4512958450777242,0.579590375966065,-0.23687883455271408
https://comptox.epa.gov/dashboard/chemical/details/DTXSID9059832,"1H,1H,7H-Dodecafluoro-1-heptanol",335-99-9,C7H4F12O,332.007053,10,497,2.0,Inactive,0.03045475968910878,0.37995391104961823,55.218864406031734,1.7420874709873209
https://comptox.epa.gov/dashboard/chemical/details/DTXSID9059834,Perfluamine,338-83-0,C9F21N,520.969540,2,460,0.0,Inactive,-0.010803998100412902,-0.13479079707506492,1.6490559955065187,0.21723540284076281
https://comptox.epa.gov/dashboard/chemical/details/DTXSID9059919,1-Bromopentadecafluoroheptane,375-88-2,C7BrF15,447.894385,3,460,1.0,Inactive,-0.02381872367471171,-0.29716265400883507,0.2555092813383172,-0.5925933195574281
https://comptox.epa.gov/dashboard/chemical/details/DTXSID9059969,"1H-Perfluoro-1,1-propanediol",422-63-9,C3H3F5O2,166.005320,10,496,2.0,Inactive,-0.020892418992048235,-0.26065404515915097,0.44300377711636385,-0.3535925709015326
https://comptox.epa.gov/dashboard/chemical/details/DTXSID9061881,"1-Iodo-1H,1H,2H,2H-perfluoroheptane",1682-31-1,C7H4F11I,423.918200,43,498,9.0,Inactive,0.010312096454568483,0.12865382682482288,0.2000000050392969,-0.6989699933933248
https://comptox.epa.gov/dashboard/chemical/details/DTXSID90868151,Perfluorotridecanoic acid,72629-94-8,C13HF25O2,663.957733,54,465,12.0,Inactive,-0.027902571427470192,-0.34811278271225377,14.999999999999998,1.1760912590556811
https://comptox.epa.gov/dashboard/chemical/details/DTXSID90880131,"1H,1H,5H-Perfluoropentyl methacrylate",355-93-1,C9H8F8O2,300.039655,8,465,2.0,Inactive,0.02512531616674458,0.31346371606165746,0.20000000618856406,-0.6989699908977229
https://comptox.epa.gov/dashboard/chemical/details/DTXSID90880156,"1-Iodo-1H,1H,2H,2H-perfluorononane",2043-52-9,C9H4F15I,523.911820,22,497,4.0,Inactive,-0.04094844912574289,-0.5108732938814279,0.17906768798211148,-0.7469827737103429